﻿Designator,Footprint,Quantity,Value,LCSC Part #
,,1,,
"C1, C2",0402,2,15pF,C1548
"C10, C11, C13, C14, C15, C16, C17, C18, C19, C20, C21, C22, C23, C4, C8",0402,15,100nF,C1525
"C12, C9",0402,2,1uF,C52923
"C3, C5, C6, C7",0402,4,4.7uF,C23733
"D1, D2",D_SMA,2,SS34,C8678
D3,0603,1,GRN,C2290
D4,0603,1,RED,C2286
F1,0603,1,6V 0.5A,C69679
J10,JST_PH_S4B-PH-SM4-TB_1x04-1MP_P2.00mm_Horizontal,1,STEMMA QT I2C,C50137
J2,USB_C_Receptacle_G-Switch_GT-USB-7010ASV,1,USB_C_Receptacle_USB2.0_16P,C393939
J4,JST_PH_S2B-PH-SM4-TB_1x02-1MP_P2.00mm_Horizontal,1,Batt. Header (JST-PH 2.0),C47647
J5,JST_SH_SM03B-SRSS-TB_1x03-1MP_P1.00mm_Horizontal,1,SWD,
J6,Molex_PicoBlade_53261-0271_1x02-1MP_P1.25mm_Horizontal,1,Batt. Header (Picoblade 1.25),C177225
L1,L_pol_2016,1,3.3u,C42411119
Q1,SOT-23,1,AO3400A,
R1,0402,1,33R,C25105 
"R10, R9",0402,2,27R,C25100
"R11, R12, R13, R14, R15, R16, R17, R22, R24, R25, R28, R29",0402,12,10k,C25744
"R18, R21",0402,2,4.7k,C25900
"R19, R20",0402,2,5.1k,C25905
"R2, R23, R26, R27, R31, R4",0402,6,1k,C11702
R3,0402,1,0,C17168
R32,0402,1,470R,
R33,0402,1,10k,
"R6, R7, R8",2512,3,PT2512FK-070R1L,C875838
SW1,SW_Push_1P1T_XKB_TS-1187A,1,BOOTSEL,C318884
SW3,SW_Push_1P1T_XKB_TS-1187A,1,RST,C318884
U1,WSON-8-1EP_6x5mm_P1.27mm_EP3.4x4.3mm,1,W25Q32JVZP,C2940197
U2,SOT-23-3,1,XC6206PxxxMR,C5446
U3,RP2350-QFN-60-1EP_7x7_P0.4mm_EP3.4x3.4mm_ThermalVias,1,RP2350_60QFN,C42411118
U4,Texas_RGV0016A_VQFN-16-1EP_4x4mm_P0.65mm_EP2.1x2.1mm,1,INA3221,C181255
U5,Bosch_LGA-8_2.5x2.5mm_P0.65mm_ClockwisePinNumbering,1,BME280,C92489
U7,SOT-23-6,1,USBLC6-2SC6,C2687116
U8,VQFN-16-1EP_3x3mm_P0.5mm_EP1.6x1.6mm,1,BQ24074RGT,C2861252
Y1,Crystal_SMD_3225-4Pin_3.2x2.5mm,1,12.000MHz,C20625731
