﻿Designator,Footprint,Quantity,Value,LCSC Part #
"C1, C10, C11, C16, C22, C23, C25, C3, C31, C4, C5, C6, C7, C8, C9",0402,15,100nF,C1525
"C12, C13, C18, C19, C29, C30",0402,6,1uF,C52923
"C14, C15, C17, C2",0402,4,4.7uF,C23733
"C20, C32",0805,2,47uF,C16780
"C21, C24",0402,2,15pF,C1548
"C26, C27, C28",0402,3,22uF,C105226
"D1, D2",D_SMA,2,SS34,C8678
D3,0603,1,HEARTBEAT,C2290
D4,0603,1,POWER VALID,C2290
D5,0603,1,CHARGE,C2290
D6,0603,1,FAULT,C2286
"F1, F2, F3",0603,3,6V 0.5A,C69679
J13,PinHeader_1x02_P2.54mm_Vertical,1,Thermistor Pins,
J4,JST_PH_S2B-PH-SM4-TB_1x02-1MP_P2.00mm_Horizontal,1,Batt. Header (JST-PH 2.0),C47647
J5,USB_C_Receptacle_G-Switch_GT-USB-7010ASV,1,USB_C_Receptacle_USB2.0_16P,C393939
L1,L_pol_2016,1,3.3u,C42411119
Q1,SOT-23,1,AO3400A,C20917
R1,0402,1,33R,C25105 
"R10, R17",0402,2,1k,C11702
"R11, R12, R13, R14, R15, R22, R27, R28, R6, R7, R8",0402,11,10k,C25744
R16,0402,1,13k,C25754
"R18, R2, R3",0402,3,5.1k,C25905
R19,0402,1,300,C25102
R20,0402,1,600,C25126
R21,0402,1,1.2k,C25862
"R23, R24, R26",2512,3,PA2512FKF7W0R01E,C875838
R25,0402,1,470R,C25117
"R4, R5",0402,2,27R,C25100
SW2,SW_Push_1P1T_XKB_TS-1187A,1,BOOTSEL,C318884
"TP1, TP2, TP3",TestPoint_Pad_D1.0mm,3,TestPoint,
"U1, U3, U9",SOT-23-3,3,XC6206PxxxMR,C5446
U11,Texas_RGV0016A_VQFN-16-1EP_4x4mm_P0.65mm_EP2.1x2.1mm,1,INA3221,C181255
U2,SOT-23-6,1,USBLC6-2SC6,C2687116
U4,RP2350-QFN-60-1EP_7x7_P0.4mm_EP3.4x3.4mm_ThermalVias,1,RP2350_60QFN,C42411118
U6,Texas_DLH0010A_WSON-10-1EP_2.2x2mm_P0.4mm_EP0.9x1.5mm_ThermalVias,1,BQ25185,C19725033
U7,Bosch_LGA-8_2.5x2.5mm_P0.65mm_ClockwisePinNumbering,1,BME280,C92489
U8,WSON-8-1EP_6x5mm_P1.27mm_EP3.4x4.3mm,1,W25Q32JVZP,C2940197
Y1,Crystal_SMD_3225-4Pin_3.2x2.5mm,1,12.000MHz,C20625731
